{
  "TURTLE": {
    "dataset": "TURTLE",
    "n_cells": 18664,
    "n_genes": 2000,
    "n_clusters": 15,
    "n_celltypes": 15,
    "timestamp": "2026-01-10T16:43:52.999224",
    "methods": {
      "Improved_KMeans": {
        "NMI": 0.6472460605951541,
        "ARI": 0.4378491432122574,
        "ACC": 0.5077689669952851
      },
      "Kernel_KMeans": {
        "NMI": 0.00018628682712637444,
        "ARI": 3.887440047862046e-05,
        "ACC": 0.3490677239605658
      },
      "Hierarchical": {
        "NMI": 0.691401571185665,
        "ARI": 0.6232716569952991,
        "ACC": 0.6745070724389198
      },
      "GMM": {
        "NMI": 0.6963255051369008,
        "ARI": 0.5339102200898169,
        "ACC": 0.58470852978997
      },
      "DBSCAN": {
        "NMI": 0.16752715138221488,
        "ARI": 0.03968832959134191,
        "ACC": 0.3876982426060866
      },
      "HDBSCAN": {
        "NMI": 0.6500268422305576,
        "ARI": 0.4946114886234098,
        "ACC": 0.6222138876982426
      },
      "Ensemble": {
        "NMI": 0.5639107047343604,
        "ARI": 0.29395989288939495,
        "ACC": 0.425096442348907
      }
    }
  }
}