{
  "TURTLE": {
    "dataset": "TURTLE",
    "n_cells": 18664,
    "n_genes": 2000,
    "n_clusters": 15,
    "n_celltypes": 15,
    "timestamp": "2026-01-10T16:47:52.658094",
    "methods": {
      "Improved_KMeans": {
        "NMI": 0.6655899945400183,
        "ARI": 0.5597622103420997,
        "ACC": 0.5936026575225032
      },
      "Kernel_KMeans": {
        "NMI": 0.00018628682712637444,
        "ARI": 3.887440047862046e-05,
        "ACC": 0.3490677239605658
      },
      "Hierarchical": {
        "NMI": 0.7466437307112366,
        "ARI": 0.6644792026868668,
        "ACC": 0.7383733390484355
      },
      "GMM": {
        "NMI": 0.6803530165203261,
        "ARI": 0.4614600865614774,
        "ACC": 0.5694920702957565
      },
      "DBSCAN": {
        "NMI": 0.13759671358970213,
        "ARI": 0.03377286248309718,
        "ACC": 0.3798221174453493
      },
      "HDBSCAN": {
        "NMI": 0.6489009858480845,
        "ARI": 0.4951902397797218,
        "ACC": 0.6227496785255037
      },
      "Ensemble": {
        "NMI": 0.5887870185000439,
        "ARI": 0.36429836548197175,
        "ACC": 0.47390698671238746
      }
    }
  }
}